城市,记录数,公司数,平均上班,平均下班,平均工时,平均评分
北京,1940,682,09:35,18:49,9.9,78.7
上海,1112,594,09:27,18:27,9.5,81.4
深圳,885,402,09:17,18:27,9.9,79.8
杭州,691,276,09:17,18:26,9.7,79.4
广州,543,307,09:09,18:16,9.6,79.9
成都,266,176,09:04,18:08,9.6,80.4
南京,220,146,08:43,18:10,9.7,79.6
武汉,144,102,09:00,18:26,9.6,80.2
未填写,127,103,08:07,17:20,9.6,77.4
西安,108,77,08:41,18:07,9.6,77.8
苏州,106,74,08:53,17:22,8.7,88.2
长沙,93,71,08:41,17:33,9.3,82.5
济南,78,48,08:14,17:38,9.7,78.3
青岛,74,45,08:30,17:57,9.6,82.3
郑州,67,56,08:28,17:36,9.3,82.5
重庆,64,54,08:50,18:11,9.3,82.8
厦门,60,43,08:42,18:03,9.4,80.2
合肥,55,35,08:43,17:14,9.2,79.9
天津,52,45,08:28,17:09,9.3,80.3
珠海,46,29,08:42,18:13,9.7,82.5
福州,44,34,08:41,17:54,9.4,81.9
东莞,40,23,08:40,18:35,10.2,75.6
佛山,39,24,08:30,18:39,10.1,75.8
宁波,31,25,08:24,17:33,9.2,83.3
无锡,29,21,08:39,18:01,9.4,83.7
大连,22,15,08:41,17:56,9.2,84.6
南昌,22,19,08:35,17:28,9.3,83.1
沈阳,20,12,08:19,17:24,10.3,83.9
南宁,19,12,08:39,18:22,9.7,84.3
石家庄,17,14,08:41,17:05,8.4,81.7
长春,15,12,08:06,18:01,10.0,75.4
海外,14,11,09:26,18:22,8.9,87.9
烟台,13,9,08:06,17:29,9.3,84.1
柳州,10,6,08:33,18:00,9.4,81.8
保定,10,4,08:13,18:29,10.3,69.0
昆明,10,9,08:49,18:32,9.7,76.6
惠州,10,8,08:24,18:42,10.3,71.9
全国,9,9,08:53,18:16,10.6,61.6
常州,8,7,08:16,18:11,9.9,74.8
宁德,8,1,08:11,19:48,11.6,60.1
哈尔滨,7,6,08:15,16:04,7.8,85.6
中山,7,6,08:43,16:28,9.0,87.6
淄博,7,5,08:07,16:12,8.1,87.7
唐山,6,4,08:15,18:49,10.6,64.3
嘉兴,6,5,08:09,17:43,9.6,80.9
汕头,6,3,08:13,18:39,10.4,65.8
南阳,6,2,08:10,15:35,7.4,85.6
香港,5,4,08:51,16:06,7.3,89.3
太原,5,4,08:36,17:36,9.0,82.0
徐州,5,3,08:32,18:12,9.7,78.0
绵阳,5,4,09:04,20:22,11.0,57.1
泉州,5,5,08:06,18:30,10.2,72.2
金华,5,4,08:32,11:30,4.1,86.9
燕郊,4,2,09:15,12:00,2.8,100.0
清远,4,2,09:00,18:00,9.0,89.4
洛阳,4,3,08:18,17:27,9.1,63.8
南通,4,4,08:18,17:41,9.4,83.6
株洲,4,4,08:45,18:45,10.0,75.2
温州,3,3,08:10,17:20,9.2,85.1
一线城,3,2,05:40,11:30,8.8,80.6
廊坊,3,3,07:50,19:10,11.3,60.2
山东临沂,3,3,08:20,17:40,9.3,84.5
潍坊,3,3,07:50,19:00,11.2,61.5
连云港,3,3,09:00,17:20,8.3,92.6
各地分公司,2,1,08:30,21:00,12.5,58.6
广东肇庆,2,2,08:15,18:00,9.8,78.2
德州,2,2,08:00,19:00,11.0,60.1
台北,2,2,09:00,18:30,9.5,79.2
粤东,2,1,08:30,18:00,9.5,90.4
福建宁德,2,1,08:00,15:30,7.5,60.1
邯郸,2,1,07:37,18:45,11.1,60.8
郴州,2,1,08:00,12:00,4.0,100.0
鹏润大厦,2,1,09:30,21:00,11.5,54.4
需求分析,2,1,,,,
销售,2,1,09:00,20:00,11.0,56.3
镇江,2,2,08:45,20:15,11.5,58.6
福清,2,2,08:09,18:00,9.8,83.4
芜湖,2,2,08:15,17:00,8.8,89.0
绍兴,2,1,08:30,18:00,9.5,87.9
淮南,2,1,09:00,18:30,9.5,81.0
新加坡,2,1,09:00,18:00,9.0,92.4
技术岗位,2,1,07:20,18:00,10.7,57.0
海口,2,2,09:05,20:10,11.1,61.6
江阴,2,1,08:30,17:00,8.5,88.2
乌鲁木齐,2,2,10:15,20:00,9.8,74.5
二线,2,2,08:25,18:45,10.4,79.4
介休,2,1,08:00,09:00,1.0,100.0
全球,2,1,10:00,,,79.1
临沂,2,2,07:45,18:00,10.2,71.6
中国,2,2,09:09,17:39,8.5,97.1
不便透露,2,2,08:30,18:45,10.2,88.0
修改我的结果,2,1,,,,
全国都有分公司,2,1,08:24,13:15,9.7,87.1
岳阳,2,1,07:00,18:00,11.0,55.1
呼和浩特,2,2,09:00,18:00,9.0,92.4
出差,1,1,09:00,22:00,13.0,27.2
全国工地,1,1,07:20,18:30,11.2,51.6
全国不定点,1,1,08:00,22:00,14.0,39.4
其他,1,1,08:00,17:30,9.5,74.6
兰州,1,1,08:30,18:00,9.5,83.4
匿掉,1,1,08:30,17:30,9.0,88.8
北上深,1,1,09:00,18:00,9.0,88.5
北上杭,1,1,10:00,21:00,11.0,78.5
北上广深,1,1,09:30,18:00,8.5,88.5
前海人寿金融中心,1,1,09:30,18:00,8.5,96.8
包邮区,1,1,08:30,20:00,11.5,56.3
删除,1,1,,,,
出差不定,1,1,08:00,21:00,13.0,69.5
全国工厂,1,1,08:00,17:00,9.0,89.7
世界各地,1,1,11:00,,,
东北,1,1,08:18,19:30,11.2,87.5
东南沿海发达省份,1,1,00:00,00:00,,
东部省份,1,1,08:30,17:00,8.5,94.2
三号催化外操室,1,1,08:00,20:00,12.0,80.5
三线,1,1,08:00,17:00,9.0,89.7
一线,1,1,09:00,17:00,8.0,100.0
所有分中心,1,1,,,,88.4
恩施,1,1,09:00,18:00,9.0,86.4
总公司青岛,1,1,08:00,,,
总部,1,1,08:30,,,
德阳,1,1,08:00,,,80.5
建仓科技园,1,1,08:30,21:30,13.0,62.7
异地,1,1,07:30,18:00,10.5,58.2
张家港,1,1,09:00,21:00,12.0,45.5
广西梧州,1,1,07:30,23:00,15.5,6.5
广西钦州,1,1,08:50,18:00,9.2,84.7
山西吕梁,1,1,08:00,18:00,10.0,71.4
工地,1,1,08:00,17:00,9.0,83.7
常德,1,1,07:50,22:00,14.2,78.9
广东揭阳,1,1,08:40,18:00,9.3,89.6
广东河源,1,1,08:30,21:00,12.5,75.5
广东珠三角地区,1,1,08:10,18:00,9.8,88.4
山东兖州,1,1,08:00,18:00,10.0,77.4
尚演谷,1,1,10:00,22:00,12.0,46.8
宿迁,1,1,09:00,18:00,9.0,64.6
山东滨州,1,1,,,,
山西孝义,1,1,08:30,08:30,,
山西晋中介休,1,1,,,,
各地广场,1,1,09:00,18:00,9.0,89.7
即墨,1,1,08:00,16:30,8.5,100.0
大阪,1,1,08:40,17:30,8.8,92.7
多地,1,1,09:00,18:00,9.0,92.4
安定门外大街,1,1,09:00,18:18,9.3,90.8
安庆,1,1,09:00,,,
宜宾,1,1,08:30,17:30,9.0,91.0
宜昌,1,1,08:10,09:00,0.8,100.0
宝鸡,1,1,08:00,18:00,10.0,83.4
实体,1,1,,,,
吉安,1,1,08:30,22:00,13.5,28.7
哈哈哈哈,1,1,,,,
华东,1,1,08:30,17:30,9.0,91.0
南沙龙穴岛,1,1,08:15,19:00,10.8,61.5
下李朗靠近华为,1,1,08:00,09:00,1.0,100.0
不好说,1,1,08:30,17:30,9.0,91.0
不定,1,1,09:00,23:00,14.0,16.4
不能说,1,1,11:00,11:00,,70.4
三线城,1,1,10:00,16:00,6.0,81.0
上饶,1,1,07:00,08:00,1.0,100.0
九江,1,1,08:18,08:18,,
乐天云谷,1,1,08:45,17:15,8.5,93.8
会城,1,1,08:30,18:00,9.5,87.9
二三线城,1,1,09:00,18:00,9.0,81.0
义乌,1,1,09:00,18:00,9.0,86.4
丹麦哥本哈根,1,1,09:00,17:00,8.0,98.7
全国各地荒郊野外,1,1,07:00,23:00,16.0,60.8
全国各地,1,1,07:30,21:00,13.5,25.8
江西宜春,1,1,06:20,22:20,16.0,9.5
江苏沿海,1,1,08:00,17:00,9.0,83.7
江苏张家港,1,1,08:00,17:30,9.5,58.6
江苏淮安,1,1,07:35,16:45,9.2,97.4
江苏泰兴,1,1,07:30,17:30,10.0,77.4
昆山,1,1,08:00,20:30,12.5,40.4
某地级,1,1,08:00,08:00,,80.5
某一线城,1,1,09:00,09:00,,
新西兰奥克兰,1,1,09:00,17:00,8.0,98.7
新余,1,1,08:18,18:00,9.7,85.7
无固定场所,1,1,08:00,23:00,15.0,39.8
无固定,1,1,08:30,,,
政治,1,1,,18:00,,
拉萨,1,1,07:18,22:00,14.7,13.8
漯河,1,1,08:00,18:30,10.5,62.0
湘潭,1,1,09:00,17:30,8.5,94.0
湖州,1,1,08:00,17:00,9.0,89.7
湖南湘潭,1,1,07:10,19:10,12.0,49.6
湖北黄石,1,1,09:00,17:00,8.0,92.7
浙江湖州德清,1,1,08:30,21:00,12.5,39.5
浙江桐乡,1,1,08:30,17:00,8.5,94.2
淮安,1,1,08:30,17:30,9.0,85.0
河池,1,1,08:30,17:30,9.0,62.3
河北雄安,1,1,08:00,23:00,15.0,48.9
河北省,1,1,08:00,17:30,9.5,86.6
波士顿,1,1,06:00,22:00,16.0,23.0
泰州,1,1,08:30,18:00,9.5,84.9
济宁,1,1,08:00,21:30,13.5,39.9
浙江丽水青田,1,1,08:00,17:00,9.0,83.7
浙江某城,1,1,08:30,21:00,12.5,39.5
没懂,1,1,09:18,18:00,8.7,95.1
沙特阿拉伯,1,1,06:30,18:00,11.5,58.0
沭阳,1,1,08:30,18:00,9.5,81.9
朝来科技元园,1,1,10:00,21:00,11.0,69.4
桂林,1,1,08:30,18:00,9.5,87.9
桐庐,1,1,08:30,20:30,12.0,87.5
梅州,1,1,08:30,18:00,9.5,79.6
某直辖,1,1,09:00,21:00,12.0,50.0
比较,1,1,10:00,20:00,10.0,67.5
永丰,1,1,08:00,17:00,9.0,85.2
江浙沪一代,1,1,05:00,14:00,9.0,83.7
省会,1,1,08:00,17:30,9.5,75.5
矿井下作业,1,1,06:00,16:30,10.5,58.2
珠三角,1,1,09:00,18:00,9.0,92.4
盐城,1,1,07:00,17:00,10.0,80.4
炼油三部,1,1,08:00,16:00,8.0,80.5
财务,1,1,08:18,17:18,9.0,93.2
许昌,1,1,08:18,17:18,9.0,90.5
西部,1,1,,08:00,,
衡水,1,1,05:25,10:15,4.8,100.0
荒郊野岭,1,1,07:30,,,
蚌埠,1,1,08:30,17:30,9.0,91.0
色图,1,1,07:00,23:00,16.0,6.5
苏北,1,1,08:30,17:30,9.0,91.0
福鼎,1,1,08:00,18:00,10.0,77.4
绥化,1,1,08:30,17:00,8.5,88.2
玉林,1,1,08:00,17:30,9.5,86.6
潮州,1,1,08:30,17:30,9.0,83.0
眉山,1,1,08:30,17:30,9.0,85.0
省站,1,1,07:30,22:00,14.5,48.9
贵阳,1,1,09:00,18:00,9.0,92.4
赏花,1,1,09:00,18:00,9.0,92.4
铜仁,1,1,08:30,18:30,10.0,78.0
金华信息产业园,1,1,09:00,21:00,12.0,44.0
郊外,1,1,08:00,23:00,15.0,10.4
郑州新密,1,1,08:00,18:30,10.5,62.3
跟项目,1,1,08:00,22:00,14.0,24.2
赤峰,1,1,08:30,14:00,5.5,100.0
远程,1,1,09:15,18:30,9.2,89.5
邵阳,1,1,08:00,22:30,14.5,96.8
雄安,1,1,08:30,17:30,9.0,76.0
随项目变动,1,1,08:00,18:00,10.0,77.4
铜陵,1,1,09:00,18:00,9.0,86.4
长乐,1,1,09:00,17:30,8.5,90.4
非洲,1,1,08:30,18:00,9.5,75.9
马鞍山,1,1,09:00,21:00,12.0,44.0
马驹桥联东u谷,1,1,08:00,17:00,9.0,89.7
黑龙江 哈尔滨,1,1,08:30,17:00,8.5,97.2
