状态,公司,城市,信息摘要,来源URL
待核实,蔚来,北京,员工讨论帖多，未见统一作息时间,nowcoder.com/discuss/679999439452360704
待核实,中芯国际,上海,fab 岗位多倒班制，具体班次未见公开,job592.com/pay/wd/0ndboco5dfg.html
待核实,荣耀,深圳,内推/体验帖多，未见具体上下班时间,nowcoder.com/feed/main/detail/a7399685b0a345cd8638064cf987c354
待核实,瑞幸咖啡,北京,"流传""167""工作制度说法，未见可靠细则",renrendoc.com/paper/516786842.html
待核实,汇丰银行,上海,外企955口碑，未见官方作息时间,nowcoder.com/discuss/671026565106388992
待核实,优衣库,上海,门店排班制，具体班次未公开,zhipin.com/gongsi/review/e28232e51ba77f810XJ-296_FQ~~.html
待核实,隆基绿能,西安,厂区岗位为主，班次信息未公开,renrendoc.com/paper/515263319.html
待核实,科沃斯,苏州,招工信息多，未见作息时间,zhaopin.com/jobdetail/CC459533920J40896375513.htm
待核实,长江存储,武汉,设备/工艺工程师倒班制，具体班次未公开,blog.gaodingoffer.cn/87373ac7-4475-4a6e-8561-97d4cc9b677a/
